	id	name
0	1913906695346848470	Mrs. Lauren Clements
1	-7778769516280357981	Karen Morales
2	-8474221688057384646	Francisco Matthews
3	7530004906767497197	Lee Perry
4	2603708693490245000	Steven Arnold
5	8756776025370513662	Andrew Taylor
6	-4355190825002975610	Jennifer Conner
7	5593869963155047248	Matthew Scott
8	5796495162394976205	Carolyn Rodriguez
9	639653561930707434	Brandon Jones
10	-6123115244241099806	Mallory Burnett
11	-3871352668513226762	Teresa Sanford
12	-7015527956327387670	Michael Bailey
13	853713797807145413	Kevin Ferguson
14	6102963806476679511	Jonathan Smith
15	-1980888904165438464	Mr. Cameron Martinez
16	-5678001969622650705	Lisa Herman
17	-6697251063641238907	Kimberly Fernandez
18	-5808987630787974473	Christopher White
19	7120029869859044954	Jason Robinson
20	-6232286458715629649	Eric Yu
21	4216850413984284663	Sonya Coleman
22	-9139255521840161788	Patrick Moore
23	2704621978420773962	Michelle Davis
24	4935212531802969205	Sarah Schmidt
25	-6457733386438598042	Diana Allen
26	-3974176993688362781	Alicia Wade
27	458279487387025671	Gary Aguilar
28	-2916389743897000194	Mary Allen
29	-2657129073143292957	David Arroyo
30	-1017714060329830935	Molly Lopez
31	-4880241035379397140	Devin Rose
32	-8188085462439957502	Lisa Yu
33	7039713873163158117	Amanda Price
34	7704173503799768752	Brittany Tanner
35	-1348169827792725028	Kevin Zhang
36	2228377585052209369	Gary Smith
37	-4570436118897767794	Richard Buckley
38	-6156261680831338733	Darryl Dunn
39	-6222434196372565668	Melissa Owen
40	138497064674333582	Stephanie Parrish
41	1669632846923826825	Heather Rios
42	-6615058763775003630	Emily Landry
43	-8847415917908328752	Mary Olson
44	1900475332273517743	Deborah Hill
45	2635255621545528080	Matthew Anderson
46	8837264225264668878	Drew Taylor
47	2701424609068939230	Kathryn Brooks
48	8700641214754863423	Adam Garcia
49	-8290160939124026069	Mary Baker
